{
  "timestamp": "2025-04-10T16:40:18.772566",
  "parameters": {
    "model_name": "all-MiniLM-L6-v2",
    "min_resources": 5,
    "level": 0
  },
  "total_ambiguous_terms": 1,
  "results_by_confidence": {
    "high": [],
    "medium": [
      "law"
    ],
    "low": []
  },
  "detailed_results": {
    "law": {
      "term": "law",
      "detected_by": {
        "parent_context": false,
        "dbscan": true,
        "hdbscan": true
      },
      "detection_count": 2,
      "metrics": {
        "dbscan": {
          "algorithm": "dbscan",
          "eps": 0.45,
          "min_samples": 2,
          "num_resources": 12,
          "valid_snippets": 12,
          "num_clusters": 3,
          "noise_points": 3,
          "cluster_sizes": {
            "0": 4,
            "1": 2,
            "2": 3
          },
          "level": 0
        },
        "hdbscan": {
          "algorithm": "hdbscan",
          "min_cluster_size": 2,
          "min_samples": 2,
          "probabilities": [
            1.0,
            0.0,
            1.0,
            0.7797305742802643,
            1.0,
            0.6321320645307769,
            0.6219019418662153,
            0.6096769619566853,
            1.0,
            1.0,
            1.0,
            0.5320920390228172
          ],
          "outlier_scores": [
            0.0,
            0.13790399696374922,
            0.0,
            0.2202694257197357,
            0.0,
            0.36786793546922314,
            0.3780980581337847,
            0.39032303804331475,
            0.0,
            0.0,
            0.0,
            0.4679079609771828
          ],
          "num_resources": 12,
          "valid_snippets": 12,
          "num_clusters": 2,
          "noise_points": 1,
          "cluster_sizes": {
            "0": 7,
            "1": 4
          },
          "level": 0
        }
      },
      "confidence_score": 0.6666666666666666,
      "confidence_level": "medium"
    }
  }
}